,title,description,price,points,cluster_label,cosine_similarity,price_bin
8893,Domaines Schlumberger 2014 Saering Grand Cru Riesling (Alsace),"A touch of lemon balm adds a breezy freshness to the nose, while a pure, bright and precise notion of ripe lemon pervades and takes over the entire palate. On its fringes, delicious hints of chamomile and chervil appear alongside ripe red apple. This is a tantalizing charmer in spite of its absolute dryness and vivid acidity. Drink 2017–2037.",29.0,96,5,0.9999998234497582,20-40
8894,Domaine Schoffit 2015 Clos Saint-Théobald Rangen Grand Cru Vendanges Tardives Riesling (Alsace),"The nose is still closed but already gives glimpses of citrus zestiness. The palate is a riot of both fresh and candied peel, think Seville orange, tangerine and Meyer lemon. The zesty freshness of the citrus fruit always has the upper hand on this energetic, exuberant late harvest wine and counters the residual sweetness perfectly. Killer acidity and utter concentration create a magnetic, delicious, age-worthy wine. The finish is off dry and refreshing, with a sweetish glint here and there. Drink 2017–2040 at least.",60.0,96,5,0.9999998234497582,above 40
8892,Domaine Schoffit 2015 Clos Saint-Théobald Rangen Grand Cru Vendanges Tardives Pinot Gris (Alsace),"Right now this is still shy on the nose. There is a glint of pear peel and Mirabelle, plus a suggestion of smoke. The palate is equally shy as the principal sensation is that of wonderfully tangy texture, fresh concentrated acidity and balanced sweetness right now. This needs time to develop its undoubtedly rich flavors. The balance is impeccable. Immense power and lasting strength lie at the core of this monumental wine. This is made to last and should be given time in the cellar. Drink 2025–2050.",60.0,96,5,0.9999998234497582,above 40
1434,Château Beau-Séjour Bécot 2009  Saint-Émilion,"Minty new wood aromas on a wine that shows both great tannins and sweet wood. The fruit is still to show, but promises fresh plum flavors that will be delicious and juicy. This is a ripe, concentrated wine.",75.0,96,5,0.9999998234497582,above 40
8891,Domaine Marcel Deiss 2012 Schoenenbourg Grand Cru White (Alsace),"Deliciously heady notes of peach and chamomile immediately hit the nose, promising ripeness and aromatic riches. The palate does not disappoint, releasing even more of those wonderfully balm-like, aromatic flavors. It brightens them with wondrous lemon freshness and boosts them with a poised dose of residual sweetness. It's an unusual wine that does not really fit any category but sits in a delicious aromatic off-dry class of its own. The best option with this probably is cheese, but it will serve well as a philosopher's wine, savored on its own. It has enough depth and beauty to nourish sustained thought. Drink 2018–2035.",78.0,96,5,0.9999998234497582,above 40
5770,Domaine de Chevalier 2010  Pessac-Léognan,"This is a great wine with its swathes of ripe fruit allied to a very structured character. It is concentrated with complex flavors that bring in wood, tropical fruits, apricots and a dense texture. Combined, these elements give the wine great style and aging potential.",132.0,96,5,0.9999998234497582,above 40
5769,Bollinger 2004 La Grande Année Brut  (Champagne),"A blend of 66% Pinot Noir and 34% Chardonnay, this is opulent and full bodied, with toast and wood flavors. Rich and ripe, this beautiful wine is generous and still young, with just a touch of bitterness at the end.",155.0,96,5,0.9999998234497582,above 40
8889,Mailly Grand Cru 2008 Les Echansons  (Champagne),"The producer held this wine back from release because it came from such a great ageworthy vintage—this is well worth the weight. With the wonderful richness of the 75% Pinot Noir dominating, this is a balanced wine, just hinting at toastiness, with concentrated ripe apple fruits melding into the texture of the wine.",160.0,96,5,0.9999998234497582,above 40
1419,Château Troplong Mondot 2009  Saint-Émilion,"A very concentrated wine with such a stylish feel. It balances ripe berry fruits with chocolate and wood flavors in the richest, ripest combination. The wine has power, without losing its poised character. It's ready for long aging.",170.0,97,5,0.9999998234497582,above 40
3289,Château Pape Clément 2011 Barrel Sample  (Pessac-Léognan),"95-97. Barrel sample. Showing new wood spice, this rich and full-bodied wine also has weighty fruit, with creamy and herbaceous qualities.",170.0,96,5,0.9999998234497582,above 40
1429,Château Lynch-Bages 2009  Pauillac,"A dense, immense, solidly powerful wine. The ripest fruit overflows, paralleling the dark, solid tannins. As so often, Lynch-Bages is a blockbuster, dark and concentrated, with immense aging potential.",195.0,96,5,0.9999998234497582,above 40
1426,Château Léoville Poyferré 2009  Saint-Julien,"An immensely structured wine, packed with dark tannins promising aging potential. It is complex, powerful, layered with new wood and concentration, finishing with dark plum fruits and acidity.",200.0,96,5,0.9999998234497582,above 40
1425,Château Figeac 2009  Saint-Émilion,"A ripe year like 2009 is kind to the Cabernet Sauvignon of Château Figeac. The wine is perfumed with new wood and sweet fruits, delicious black currant flavors giving both ripeness and freshness. The wine has weight and impressive density. A star of the vintage.",280.0,96,5,0.9999998234497582,above 40
1416,Château Palmer 2009  Margaux,"A beautiful wine, with the firmest tannins surrounded by perfumed fruit. It is dense, of course, but this density is balanced with great elegance, blackberry fruits, sweetness and final juicy acidity. The wine is structured, a powerhouse of concentration while preserving this complete style.",380.0,98,5,0.9999998234497582,above 40
1432,Château Trotanoy 2009  Pomerol,"Beneath the surface tannins is great Merlot fruit, very ripe and full-bodied, a powerhouse of flavors. The depth and complexity of the wine is all there, along with a dark core of dryness. A wine for long-term aging.",400.0,96,5,0.9999998234497582,above 40
5767,Château Trotanoy 2010  Pomerol,"A complex wine, exhibiting smoky tannins, rich fruit, a dark texture and concentration. Produced by the Moueix winemaking team, it feels complete with its sense of style and elegance as well as weight. Give this powerful wine many years in the cellar.",475.0,96,5,0.9999998234497582,above 40
1423,Château La Mission Haut-Brion 2009  Pessac-Léognan,"Such a generous and ripe wine, with a dark core of tannins surrounded by opulent fruit. Black fruits, coffee, very concentrated flavors, a powerhouse of structure and richness. The warmth of the wine is palpable, as is the aging potential.",1100.0,97,5,0.9999998234497582,above 40
1428,Château Haut-Brion 2009  Pessac-Léognan,"Solid, very structured, packed with dense and dry tannins. There is a core of acidity and darkness that gives the wine a brooding, powerful character. At this stage, it seems austere although it does have the weight of fruit typical of the year.",1200.0,96,5,0.9999998234497582,above 40
1431,Château Mouton Rothschild 2009  Pauillac,"The purest Cabernet Sauvignon fruit, with dark chocolate and intense dark berry flavors. The tannins are so enveloped by the fruit and yet they promise great aging. At this stage, wood shows through the fruit, but the texture is so rich and opulent that it should easily become integrated.",1300.0,96,5,0.9999998234497582,above 40
1415,Château Margaux 2009  Margaux,"A massive wine for Margaux, packed with tannins and ripe fruit. It has more Cabernet Sauvignon than usual, giving intense black currant flavors with enticing acidity balanced by the sweetness of the fruit. Ripe swathes of this opulent fruit are also elegant and structured.",1900.0,98,5,0.9999998234497582,above 40
